3D_CAD_Printer_Inc,3d CAD Printer Inc,3d CAD Printer Inc,"Atlanta, GA",sales@3dcadprinter.com,404-795-2119,3dcadprinter.com,3d CAD Printer Inc,1,1,"0,1,3,11,16","1,5"
3D_CAM,3D CAM,3D CAM,"Chatsworth, CA",sales@3d-cam.com,818-773-8777,3d-cam.com,3D CAM,1,1,"1,6,19","0,2,5"
3D_Logics,3D Logics,3D Logics,"Hillsboro, OR",info@3dlogics.com,503-455-8450,3dlogics.com,3D Logics,1,1,"6,11,9,10","1,2"
3D_Parts_Manufacturing,3D Parts Manufacturing,3D Parts Manufacturing,"Anderson, IN",info@3dpartsmfg.com,317-860-6941,3dpartsmfg.com,3D Parts Manufacturing,1,1,"11,9,14,6,17","0,1,2,5,6"
3D_Plastics,3D Plastics,3D Plastics,"Newberg, OR",info@3D-Plastics.com,503-537-0979,3D-Plastics.com,3D Plastics,1,1,"1,6,19","0,6"
3D_Print_Bureau_of_TX,3D Print Bureau of TX,3D Print Bureau of TX,"Houston, TX",info@3dprinttexas.com,713-357-4700,3dprinttexas.com,3D Print Bureau of TX,1,1,"6,17,4,19","0,5,6"
3D_Printing_Chicago,3D Printing Chicago,3D Printing Chicago,"Chicago, IL",test@test1.com,773-966-0555,,3D Printing Chicago,1,1,"0,1,6,4,15","0,5,6"
3D_Printing_Colorado,3D Printing Colorado,3D Printing Colorado,"Broomfield, CO",NYosha@3dprintingcolorado.com,303-466-0900,3dprintingcolorado.com,3D Printing Colorado,1,1,"0,1,6,3,4","0,1,2,5,6"
3D_Printing_Tech,3D Printing Tech,3D Printing Tech,"Atlanta, GA",SALES@3D-PRINTINGTECH.COM,404-941-2345,3D-PRINTINGTECH.COM,3D Printing Tech,1,1,"0,1,4,6,17,3","0,1,2,6"
3DPrintingAlly,3DPrintingAlly,3DPrintingAlly,"Eden Prarie, MN",info@3dprintingally.com,612-324-1024,3dprintingally.com,3DPrintingAlly,1,1,"0,6,17","0,2,6"
Additive_Manufacturing_Solutions,Additive Manufacturing Solutions,Additive Manufacturing Solutions,"Pinckney, MI",sales@amsmich.com,810-923-3490,amsmich.com,Additive Manufacturing Solutions,1,1,"0,1,6,17,19",0
AdvancedRP,Advanced RP,Advanced RP,"Suwanee, GA",Staff@AdvancedRP.com,770-271-5800,AdvancedRP.com,Advanced RP,1,1,"1,6,4,19","0,6"
AdvancedTek,AdvancedTek,AdvancedTek,"St. Paul, MN",sales@advancedtek.com,651-489-6990,advancedtek.com,AdvancedTek,1,1,"0,6,17,4","0,6"
Assembyl_Printing,Assembyl Printing,Assembyl Printing,"Staten Island, NY",support@assembyl.com,646-598-7085,assembyl.com,Assembyl Printing,1,1,"0,1,4,3,6",0
Avid_Product_Development,Avid Product Development,Avid Product Development,"Loveland, CO",info@avidpd.com,970-744-4274,avidpd.com,Avid Product Development,1,1,"6,4,19","0,2,5,6"
AxisLab,AxisLab,AxisLab,"Grand Rapids, MI",axislab3d@gmail.com,616-430-3950,gmail.com,AxisLab,1,1,"0,3,4,7,15,6",0
BuildParts,BuildParts,BuildParts,"Crystal Lake, IL",info@buildparts.com,847-639-1000,buildparts.com,BuildParts,1,1,"1,17","0,6,2,7"
Cosine,Cosine,Cosine,"Houston, TX",SALES@COSINEADDITIVE.COM,713-357-7595,COSINEADDITIVE.COM,Cosine,1,1,"0,1,4,3",0
Cypress_3D_Printing,Cypress 3D Printing,Cypress 3D Printing,"Houston, TX",contact_us@blattbros.com,832-653-2090,blattbros.com,Cypress 3D Printing,1,1,"1,19",6
DesignPoint,DesignPoint,DesignPoint,"Philadelphia, PA",info@design-point.com,844-721-7211,design-point.com,DesignPoint,1,1,"6, 19","1,2,5,6"
Desktop _Metal,Desktop Metal,Desktop Metal,"Burlington, MA",test@test2.com,978-224-1244,,Desktop Metal,1,1,"11,",2
EDC,EDC,EDC,"Jacksonville, FL",INFO@THE3DCONNECTORS.COM,386-503-0030,THE3DCONNECTORS.COM,EDC,1,1,"3,6,919","0,1,2,4,6"
Entre3D,Entre3D,Entre3D,"Adrian, MI",maker@entre3d.com,517-260-4614,entre3d.com,Entre3D,1,1,"0,1",0
Forecast_3D,Forecast 3D,Forecast 3D,"San Diego, CA",hello@forecast3d.com,800-549-5414,forecast3d.com,Forecast 3D,1,1,"1,6,17","0,1,2,5,6"
Forerunner,Forerunner,Forerunner,"Coppersville, MI",sales@forerunner3d.com,231-722-1144,forerunner3d.com,Forerunner,1,1,"4,17,6,19","2,5,6"
Form_3Ds,Form 3Ds,Form 3Ds,"Dover, NH",info@form3ds.com,603-534-2074,form3ds.com,Form 3Ds,1,1,"10,9,11",2
GPI_Prototyping,GPI Prototyping,GPI Prototyping,"Lake Bluff, IL",Sales@GPIprototype.com,847-615-8900,GPIprototype.com,GPI Prototyping,1,1,"19,4,9,10,11","6,2,1,7"
HaloTechnologies,Halo Technologies,Halo Technologies,"Balm Beach, FL",test@test3.com,561-247-3921,,Halo Technologies,1,1,"0,1,3","0,1"
Iannone3D,Iannone 3D,Iannone 3D,"Clems Run, NJ",sales@iannone3d.com,856-244-1940,iannone3d.com,Iannone 3D,1,1,"6,17,1",0
Icon3D,Icon 3D,Icon 3D,"Portland, OR",Info@icon3dpdx.com,503-954-1021,icon3dpdx.com,Icon 3D,1,1,"1,6,17,7","0,5,6"
Kul3D,Kul 3D,Kul 3D,"Omaha, NE",kul3d@davisdesignconsulting.com,402-333-1661,davisdesignconsulting.com,Kul 3D,1,1,"0,1,6,4",0
LA3D,LA 3D,LA 3D,"Los Angeles, CA",3D@LA3-D.COM,213-265-7472,LA3-D.COM,LA 3D,1,1,"0,1,19","5,2"
Modeled_Horizons,Modeled Horizons,Modeled Horizons,"Fridley, MN",tom@modeledhorizons.com,763- 574-2088,modeledhorizons.com,Modeled Horizons,1,1,"0,1","0,5"
Moolean,Moolean,Moolean,"Henderson, NV",info@moolean.com,702-723-9893,moolean.com,Moolean,1,1,"0,4,6,3",0
Optomec,Optomec,Optomec,"Albuquerque, NM",sales@optomec.com,505-761-8250,optomec.com,Optomec,1,1,"9,14,10",2
Part_Snap,Part Snap,Part Snap,"Dallas, TX",info@partsnap.com,214-449-1455,partsnap.com,Part Snap,1,1,"0,17,19","0,6"
PlasticWright,PlasticWright,PlasticWright,"Avoca, IN",sales@plasticwright.com,812-675-4747,plasticwright.com,PlasticWright,1,1,"0,1",0
PrintAWorld,PrintAWorld,PrintAWorld,"Brooklyn, NY",contact@prtwd.com,929-213-9604,prtwd.com,PrintAWorld,1,1,"6,1,19,9,4,13","0,1"
Pro3D_Services,Pro3D Services,Pro3D Services,"Annaplolis, MD",info@pro3dservices.com,410-863-2095,pro3dservices.com,Pro3D Services,1,1,"4,6,13","0,1,5"
Purple_Porcupine,Purple Porcupine,Purple Porcupine,"Irvine, CA",ask@purpleporcupine.com,949-474-7222,purpleporcupine.com,Purple Porcupine,1,1,"6,17,19,4","0,7"
Rapidmade,Rapidmade,Rapidmade,"Portland, OR",info@rapidmade.com,503-943-278,rapidmade.com,Rapidmade,1,1,"1,17,6,19","0,2,6"
SD3D,SD3D,SD3D,"San Diego, CA",info@sd3d.com,1-800-530-9140,sd3d.com,SD3D,1,1,"0,1,3,4,6",0
SolidPrint_3D,SolidPrint 3D,SolidPrint 3D,"Winter Farden, FL",contact@solidprint3d.com,407-347-0459,solidprint3d.com,SolidPrint 3D,1,1,"0,4,1,6",0
Technology_House,Technology House,Technology House,"Streetsboro, OH",info@tth.com,440-248-3025,tth.com,Technology House,1,1,"4,17,6,16","6,0,2,3,7,1"
Varia3D,Varia 3D,Varia 3D,"Liberty Hill, TX",info@varia3d.com,512-843-5545,varia3d.com,Varia 3D,1,1,"6,4",7
ZYCI ,ZYCI ,ZYCI ,"Atlanta, GA",quotes@zyci.com,404-334-7064,zyci.com,ZYCI ,1,1,"6,9","1,2"